ULTRA COLOR RICH EXTRA PLUMP LIPSTICK-ALL SHADES	AVON	Makeup Products (non-permanent)	Titanium dioxide
Glover's Medicated Shampoo	Glover's	Hair Care Products (non-coloring)	Distillates (coal tar)
Glover's Medicated Shampoo	Glover's	Hair Care Products (non-coloring)	Estragole
PRECISION GLIMMER EYE LINER-ALL SHADES �	AVON	Makeup Products (non-permanent)	Titanium dioxide
AVON BRILLIANT SHINE LIP GLOSS-ALL SHADES �	AVON	Makeup Products (non-permanent)	Titanium dioxide
JILLIAN DEMPSEY FOR AVON CELESTIAL EYESHADOW-ALL SHADES �	AVON	Makeup Products (non-permanent)	Titanium dioxide
ABSOLUTE Precision Color Powder System - All Shades	OPI	Nail Products	Titanium dioxide
ABSOLUTE Precision Color Powder System - All Shades	OPI	Nail Products	Titanium dioxide
ABSOLUTE Precision Color Powder System - All Shades	OPI	Nail Products	Titanium dioxide
ABSOLUTE Precision Color Powder System Opaque Pink	ABSOLUTE	Nail Products	Titanium dioxide
ABSOLUTE Precesion Color Powder System Perfect White	ABSOLUTE	Nail Products	Titanium dioxide
ABSOLUTE Precision Color Powder System Translucent Pink	ABSOLUTE	Nail Products	Titanium dioxide
ABSOLUTE FX Chromatones Precision Color Powders	OPI	Nail Products	Titanium dioxide
ABSOLUTE FX Chromatones Precision Color Powders	OPI	Nail Products	Titanium dioxide
BlueFX	ABSOLUTE FX	Nail Products	Titanium dioxide
BlueFX	ABSOLUTE FX	Nail Products	Titanium dioxide
BlueFX	ABSOLUTE FX	Nail Products	Titanium dioxide
GreenFX	ABSOLUTE FX	Nail Products	Titanium dioxide
GreenFX	ABSOLUTE FX	Nail Products	Titanium dioxide
GreenFX	ABSOLUTE FX	Nail Products	Titanium dioxide
GreenFX	ABSOLUTE FX	Nail Products	Titanium dioxide